logged_at,match_id,league,kickoff,home_team,away_team,likely_score,model_p_home,model_p_draw,model_p_away,market_p_home,market_p_draw,market_p_away,adj_note
2026-09-12T11:25:25Z,E1_2627_20260912_derby_birmingham,EFL Championship,2026-09-12 12:30:00,Derby,Birmingham,1-1,0.3329,0.2848,0.3824,0.27402135231316727,0.2823250296559905,0.4436536180308422,
2026-09-12T11:25:25Z,E1_2627_20260912_west-brom_qpr,EFL Championship,2026-09-12 12:30:00,West Brom,QPR,1-1,0.4376,0.2823,0.2801,0.4613771408598393,0.2810206221600839,0.2576022369800769,
2026-09-12T11:25:25Z,I1_2627_20260912_genoa_frosinone,Serie A,2026-09-12 14:00:00,Genoa,Frosinone,1-1,0.411,0.2766,0.3124,0.4505119453924914,0.28668941979522183,0.26279863481228666,
2026-09-12T11:25:25Z,D1_2627_20260912_augsburg_leverkusen,Bundesliga,2026-09-12 14:30:00,Augsburg,Leverkusen,1-1,0.2511,0.227,0.5219,0.2337662337662338,0.2337662337662338,0.5324675324675325,
2026-09-12T11:25:25Z,D1_2627_20260912_freiburg_m-gladbach,Bundesliga,2026-09-12 14:30:00,Freiburg,M'gladbach,1-1,0.4684,0.2616,0.27,0.5692192187805826,0.21953720447195677,0.21124357674746064,
2026-09-12T11:25:25Z,D1_2627_20260912_hoffenheim_stuttgart,Bundesliga,2026-09-12 14:30:00,Hoffenheim,Stuttgart,1-1,0.3673,0.2373,0.3954,0.40305741269324347,0.23679622995728053,0.36014635734947614,
2026-09-12T11:25:25Z,D1_2627_20260912_mainz_ein-frankfurt,Bundesliga,2026-09-12 14:30:00,Mainz,Ein Frankfurt,1-1,0.4774,0.2365,0.286,0.48519443453442745,0.23653228683553335,0.27827327863003926,
2026-09-12T11:25:25Z,E0_2627_20260912_aston-villa_nott-m-forest,Premier League,2026-09-12 15:00:00,Aston Villa,Nott'm Forest,1-0,0.482,0.2692,0.2488,0.43029595015576316,0.27842679127725856,0.29127725856697817,"home availability 68% (12 flagged, 0.90), away availability 81% (6 flagged, 0.94)"
2026-09-12T11:25:25Z,E0_2627_20260912_bournemouth_brentford,Premier League,2026-09-12 15:00:00,Bournemouth,Brentford,1-1,0.462,0.2485,0.2894,0.38162544169611307,0.26501766784452296,0.3533568904593639,"home availability 79% (6 flagged, 0.94), away availability 81% (5 flagged, 0.94)"
2026-09-12T11:25:25Z,E0_2627_20260912_crystal-palace_ipswich,Premier League,2026-09-12 15:00:00,Crystal Palace,Ipswich,1-0,0.6437,0.2118,0.1444,0.509891622226045,0.24823671082057458,0.2418716669533804,"home availability 72% (10 flagged, 0.91), away availability 75% (9 flagged, 0.92)"
2026-09-12T11:25:25Z,E0_2627_20260912_liverpool_fulham,Premier League,2026-09-12 15:00:00,Liverpool,Fulham,1-0,0.547,0.245,0.208,0.6617257808364214,0.18793012175754367,0.15034409740603494,"home availability 71% (12 flagged, 0.91), away availability 90% (3 flagged, 0.97)"
2026-09-12T11:25:25Z,E1_2627_20260912_blackburn_millwall,EFL Championship,2026-09-12 15:00:00,Blackburn,Millwall,1-1,0.3404,0.3049,0.3548,0.3455026677309582,0.29151787589799605,0.3629794563710457,
2026-09-12T11:25:25Z,E1_2627_20260912_charlton_portsmouth,EFL Championship,2026-09-12 15:00:00,Charlton,Portsmouth,1-1,0.3489,0.2885,0.3626,0.34228389757690325,0.29811823337343185,0.3595978690496649,
2026-09-12T11:25:25Z,E1_2627_20260912_middlesbrough_norwich,EFL Championship,2026-09-12 15:00:00,Middlesbrough,Norwich,1-1,0.4808,0.2486,0.2706,0.518127469146593,0.23780722301856452,0.24406530783484248,
2026-09-12T11:25:25Z,E1_2627_20260912_southampton_bristol-city,EFL Championship,2026-09-12 15:00:00,Southampton,Bristol City,1-1,0.5294,0.2397,0.2308,0.5742349829996222,0.23112958065734793,0.19463543634302982,
2026-09-12T11:25:25Z,E1_2627_20260912_swansea_burnley,EFL Championship,2026-09-12 15:00:00,Swansea,Burnley,1-1,0.3789,0.2917,0.3294,0.44365361803084225,0.2740213523131673,0.28232502965599054,
2026-09-12T11:25:25Z,E1_2627_20260912_watford_stoke,EFL Championship,2026-09-12 15:00:00,Watford,Stoke,1-1,0.4724,0.2616,0.266,0.415347137637028,0.2831912302070646,0.30146163215590743,
2026-09-12T11:25:25Z,SP1_2627_20260912_osasuna_espanol,La Liga,2026-09-12 15:15:00,Osasuna,Espanol,1-0,0.5259,0.2602,0.2139,0.44113461720899344,0.3059482022578503,0.25291718053315626,
2026-09-12T11:25:25Z,P1_2627_20260912_nacional_alverca,Primeira Liga,2026-09-12 15:30:00,Nacional,Alverca,1-1,0.4713,0.2579,0.2708,0.36687908463464786,0.2773174257385426,0.3558034896268094,
2026-09-12T11:25:25Z,F1_2627_20260912_strasbourg_monaco,Ligue 1,2026-09-12 16:15:00,Strasbourg,Monaco,1-1,0.3628,0.2496,0.3875,0.3059482022578503,0.25291718053315626,0.44113461720899344,
2026-09-12T11:25:25Z,I1_2627_20260912_lazio_milan,Serie A,2026-09-12 17:00:00,Lazio,Milan,1-1,0.3204,0.2828,0.3969,0.27982899339292655,0.29731830547998445,0.42285270112708895,
2026-09-12T11:25:25Z,D1_2627_20260912_fc-koln_werder-bremen,Bundesliga,2026-09-12 17:30:00,FC Koln,Werder Bremen,1-1,0.4747,0.2491,0.2762,0.46281601771544567,0.24967706218859564,0.28750692009595863,
2026-09-12T11:25:25Z,E0_2627_20260912_tottenham_everton,Premier League,2026-09-12 17:30:00,Tottenham,Everton,1-1,0.3922,0.2976,0.3102,0.47368421052631576,0.2631578947368421,0.2631578947368421,"home availability 66% (15 flagged, 0.90), away availability 86% (4 flagged, 0.96)"
2026-09-12T11:25:25Z,SP1_2627_20260912_ath-bilbao_elche,La Liga,2026-09-12 17:30:00,Ath Bilbao,Elche,1-0,0.6154,0.2259,0.1587,0.6750355281856939,0.19895783988630977,0.1260066319279962,
2026-09-12T11:25:25Z,P1_2627_20260912_casa-pia_porto,Primeira Liga,2026-09-12 18:00:00,Casa Pia,Porto,0-1,0.1222,0.2254,0.6523,0.0920523138832998,0.153420523138833,0.7545271629778673,
2026-09-12T11:25:25Z,F1_2627_20260912_auxerre_nice,Ligue 1,2026-09-12 19:45:00,Auxerre,Nice,1-1,0.3603,0.2746,0.3651,0.36319612590799033,0.28945630640545894,0.34734756768655073,
2026-09-12T11:25:25Z,F1_2627_20260912_le-havre_angers,Ligue 1,2026-09-12 19:45:00,Le Havre,Angers,1-0,0.4655,0.277,0.2575,0.37281553398058254,0.29708737864077667,0.33009708737864074,
2026-09-12T11:25:25Z,F1_2627_20260912_lorient_toulouse,Ligue 1,2026-09-12 19:45:00,Lorient,Toulouse,1-1,0.3644,0.2879,0.3477,0.36158592090624053,0.2926064529179731,0.34580762617578636,
2026-09-12T11:25:25Z,F1_2627_20260912_paris-fc_lyon,Ligue 1,2026-09-12 19:45:00,Paris FC,Lyon,1-1,0.3638,0.2554,0.3808,0.3692307692307692,0.2615384615384615,0.3692307692307692,
2026-09-12T11:25:25Z,I1_2627_20260912_atalanta_cagliari,Serie A,2026-09-12 19:45:00,Atalanta,Cagliari,1-0,0.5939,0.2227,0.1834,0.6045340050377834,0.23727959697732998,0.15818639798488665,
2026-09-12T11:25:25Z,E0_2627_20260912_sunderland_arsenal,Premier League,2026-09-12 20:00:00,Sunderland,Arsenal,0-1,0.1534,0.2595,0.5872,0.12663299803831546,0.23164572811886977,0.6417212738428149,"home availability 78% (7 flagged, 0.93), away availability 76% (8 flagged, 0.93)"
2026-09-12T11:25:25Z,SP1_2627_20260912_real-madrid_vallecano,La Liga,2026-09-12 20:00:00,Real Madrid,Vallecano,2-0,0.6459,0.2015,0.1526,0.8485931219294327,0.10093791871371147,0.05046895935685573,
2026-09-12T11:25:25Z,I1_2627_20260913_lecce_monza,Serie A,2026-09-13 14:00:00,Lecce,Monza,1-0,0.4092,0.3,0.2908,0.3527021535960991,0.30719219829337663,0.34010564811052413,
2026-09-12T11:25:25Z,D1_2627_20260913_rb-leipzig_hamburg,Bundesliga,2026-09-13 14:30:00,RB Leipzig,Hamburg,2-1,0.6718,0.1815,0.1466,0.6934812760055478,0.18862690707350901,0.11789181692094314,
2026-09-12T11:25:25Z,SP1_2627_20260913_levante_barcelona,La Liga,2026-09-13 15:15:00,Levante,Barcelona,1-2,0.2446,0.216,0.5394,0.05544072948328267,0.11781155015197567,0.8267477203647416,
2026-09-12T11:25:25Z,E0_2627_20260913_man-united_man-city,Premier League,2026-09-13 16:30:00,Man United,Man City,1-1,0.3444,0.2646,0.391,0.2938685324986191,0.2513349291106611,0.45479653839072,"home availability 78% (9 flagged, 0.94), away availability 77% (8 flagged, 0.93)"
2026-09-12T11:25:25Z,I1_2627_20260913_napoli_bologna,Serie A,2026-09-13 17:00:00,Napoli,Bologna,1-0,0.4591,0.2984,0.2425,0.5322128851540617,0.26610644257703087,0.20168067226890757,
2026-09-12T11:25:25Z,P1_2627_20260913_arouca_santa-clara,Primeira Liga,2026-09-13 18:00:00,Arouca,Santa Clara,1-1,0.3503,0.3025,0.3472,0.36297945637104573,0.2915178758979961,0.34550266773095833,
2026-09-12T11:25:25Z,P1_2627_20260913_benfica_gil-vicente,Primeira Liga,2026-09-13 18:00:00,Benfica,Gil Vicente,1-0,0.6133,0.2213,0.1655,0.8327385201046871,0.1232453009754937,0.044016178919819175,
2026-09-12T11:25:25Z,F1_2627_20260913_brest_paris-sg,Ligue 1,2026-09-13 19:45:00,Brest,Paris SG,0-2,0.1477,0.1962,0.656,0.08639711319471147,0.1652814339377089,0.7483214528675796,
2026-09-12T11:25:25Z,I1_2627_20260913_sassuolo_juventus,Serie A,2026-09-13 19:45:00,Sassuolo,Juventus,0-1,0.1619,0.2299,0.6082,0.18007503126302626,0.236348478532722,0.5835764902042518,
2026-09-12T11:25:25Z,SP1_2627_20260913_sociedad_ath-madrid,La Liga,2026-09-13 20:00:00,Sociedad,Ath Madrid,1-1,0.3698,0.2573,0.373,0.3359683794466403,0.26877470355731226,0.3952569169960474,
2026-09-12T11:25:25Z,P1_2627_20260913_famalicao_sp-lisbon,Primeira Liga,2026-09-13 20:30:00,Famalicao,Sp Lisbon,0-1,0.2141,0.2514,0.5345,0.15535369250457953,0.22734686707987253,0.6172994404155479,
2026-09-12T11:25:25Z,I1_2627_20260914_como_parma,Serie A,2026-09-14 17:30:00,Como,Parma,1-0,0.6635,0.2152,0.1213,0.7673704771649149,0.17021672402567203,0.06241279880941307,
2026-09-12T11:25:25Z,I1_2627_20260914_torino_roma,Serie A,2026-09-14 17:30:00,Torino,Roma,0-1,0.2327,0.2599,0.5074,0.15818639798488665,0.23727959697732998,0.6045340050377834,
2026-09-12T11:25:25Z,P1_2627_20260914_rio-ave_estrela,Primeira Liga,2026-09-14 18:45:00,Rio Ave,Estrela,1-1,0.3718,0.2675,0.3607,0.33685880486515074,0.28503437334743525,0.37810682178741406,
2026-09-12T11:25:25Z,I1_2627_20260914_inter_udinese,Serie A,2026-09-14 19:45:00,Inter,Udinese,2-0,0.6924,0.1897,0.1179,0.75374825900538,0.16648005024988394,0.07977169074473604,
2026-09-12T11:25:25Z,E0_2627_20260914_leeds_newcastle,Premier League,2026-09-14 20:00:00,Leeds,Newcastle,1-1,0.4183,0.2651,0.3166,0.3989803834644797,0.2713066607558462,0.3297129557796742,"home availability 76% (8 flagged, 0.93), away availability 75% (9 flagged, 0.92)"
2026-09-12T11:25:25Z,SP1_2627_20260914_villarreal_betis,La Liga,2026-09-14 20:00:00,Villarreal,Betis,1-1,0.4975,0.2464,0.2561,0.49799419006778256,0.23779222575736617,0.2642135841748513,
2026-09-12T11:25:25Z,P1_2627_20260914_sp-braga_estoril,Primeira Liga,2026-09-14 20:45:00,Sp Braga,Estoril,1-0,0.5452,0.2432,0.2116,0.6326259317286237,0.22527655129848553,0.14209751697289086,
2026-08-29T02:29:42Z,E0_2627_20260829_liverpool_nott-m-forest,Premier League,2026-08-29 12:30:00,Liverpool,Nott'm Forest,1-1,0.5392,0.2422,0.2186,0.6272727272727273,0.2090909090909091,0.1636363636363636,"ref=S Barrott(0.98/1.10), rest=5d/6d, travel=133km(0.99), home availability 71% (11 flagged, 0.91), away availability 90% (3 flagged, 0.97)"
2026-08-29T02:29:42Z,E1_2627_20260829_derby_swansea,EFL Championship,2026-08-29 12:30:00,Derby,Swansea,1-1,0.395,0.2885,0.3165,0.422936152907686,0.2862952419682797,0.2907686051240341,"ref=D Webb(0.93/0.98), rest=6d/6d, travel=221km(0.99)"
2026-08-29T02:29:42Z,E1_2627_20260829_middlesbrough_west-brom,EFL Championship,2026-08-29 12:30:00,Middlesbrough,West Brom,1-0,0.4709,0.2724,0.2567,0.546448087431694,0.2459016393442623,0.2076502732240437,"rest=6d/5d, travel=235km(0.99)"
2026-08-29T02:29:42Z,D1_2627_20260829_fc-koln_hoffenheim,Bundesliga,2026-08-29 14:30:00,FC Koln,Hoffenheim,1-1,0.3778,0.2401,0.3821,0.3280839895013123,0.2519685039370078,0.4199475065616798,"rest=104d/104d, travel=237km(0.99)"
2026-08-29T02:29:42Z,D1_2627_20260829_rb-leipzig_m-gladbach,Bundesliga,2026-08-29 14:30:00,RB Leipzig,M'gladbach,2-1,0.6077,0.2032,0.1892,0.6068194952802928,0.2117125794644577,0.1814679252552494,"rest=104d/104d, travel=415km(0.98)"
2026-08-29T02:29:42Z,D1_2627_20260829_union-berlin_ein-frankfurt,Bundesliga,2026-08-29 14:30:00,Union Berlin,Ein Frankfurt,1-1,0.3839,0.2623,0.3538,0.3673469387755102,0.2653061224489796,0.3673469387755102,"rest=104d/104d, travel=433km(0.97)"
2026-08-29T02:29:42Z,E0_2627_20260829_bournemouth_everton,Premier League,2026-08-29 15:00:00,Bournemouth,Everton,1-0,0.4746,0.2828,0.2426,0.464002946050451,0.2717731541152641,0.2642238998342846,"ref=C Kavanagh(0.88/0.91), rest=5d/6d, travel=310km(0.98), home availability 78% (7 flagged, 0.94), away availability 90% (3 flagged, 0.97)"
2026-08-29T02:29:42Z,E1_2627_20260829_blackburn_qpr,EFL Championship,2026-08-29 15:00:00,Blackburn,QPR,1-1,0.422,0.2793,0.2987,0.3702370872142252,0.2804826418289585,0.3492802709568163,"ref=G Ward(1.15/0.95), rest=6d/6d, travel=290km(0.98)"
2026-08-29T02:29:42Z,E1_2627_20260829_bristol-city_portsmouth,EFL Championship,2026-08-29 15:00:00,Bristol City,Portsmouth,1-1,0.5002,0.2559,0.2439,0.4436536180308422,0.2740213523131673,0.2823250296559905,"ref=J Bell(1.15/0.90), rest=6d/6d, travel=130km(0.99)"
2026-08-29T02:29:42Z,E1_2627_20260829_cardiff_sheffield-united,EFL Championship,2026-08-29 15:00:00,Cardiff,Sheffield United,1-1,0.3102,0.2499,0.4399,0.3638253638253638,0.265072765072765,0.371101871101871,"ref=J Busby(0.94/1.13), rest=6d/6d, travel=241km(0.99)"
2026-08-29T02:29:42Z,E1_2627_20260829_charlton_preston,EFL Championship,2026-08-29 15:00:00,Charlton,Preston,1-1,0.4121,0.2794,0.3086,0.4564841498559078,0.2835734870317002,0.2599423631123919,"rest=6d/6d, travel=314km(0.98)"
2026-08-29T02:29:42Z,E1_2627_20260829_norwich_burnley,EFL Championship,2026-08-29 15:00:00,Norwich,Burnley,1-1,0.3397,0.3031,0.3572,0.4265402843601896,0.2606635071090047,0.3127962085308057,"ref=E Bell(0.93/0.95), rest=6d/5d, travel=269km(0.98)"
2026-08-29T02:29:42Z,E1_2627_20260829_southampton_millwall,EFL Championship,2026-08-29 15:00:00,Southampton,Millwall,1-1,0.5363,0.2401,0.2236,0.4851752021563342,0.2574123989218329,0.2574123989218329,"ref=A Herczeg(1.13/0.96), rest=6d/6d, travel=113km(0.99)"
2026-08-29T02:29:42Z,SC0_2627_20260829_celtic_falkirk,Scottish Premiership,2026-08-29 15:00:00,Celtic,Falkirk,2-0,0.7518,0.1781,0.0701,0.7744381261846738,0.1417817492553479,0.0837801245599783,"ref=C Graham(0.84/0.57), rest=19d/19d, travel=31km(1.00)"
2026-08-29T02:29:42Z,SC0_2627_20260829_hearts_st-johnstone,Scottish Premiership,2026-08-29 15:00:00,Hearts,St Johnstone,1-0,0.6347,0.2046,0.1607,0.54904831625183,0.2459736456808198,0.2049780380673498,"ref=R Lee(1.06/1.50), rest=19d/20d, travel=53km(1.00)"
2026-08-29T02:29:42Z,SC0_2627_20260829_kilmarnock_dundee-united,Scottish Premiership,2026-08-29 15:00:00,Kilmarnock,Dundee United,1-0,0.5997,0.2223,0.178,0.3903891133319158,0.2698277695088242,0.3397831171592601,"ref=N Walsh(1.05/0.65), rest=19d/6d, travel=135km(0.99)"
2026-08-29T02:29:42Z,P1_2627_20260829_alverca_santa-clara,Primeira Liga,2026-08-29 15:30:00,Alverca,Santa Clara,1-0,0.3723,0.3137,0.314,0.3572904207893878,0.2962052843318473,0.3465042948787648,"rest=6d/5d, travel=1455km(0.91)"
2026-08-29T02:29:42Z,SP1_2627_20260829_levante_betis,La Liga,2026-08-29 16:00:00,Levante,Betis,1-1,0.4355,0.2669,0.2976,0.2796610169491525,0.288135593220339,0.4322033898305084,"rest=4d/3d, travel=543km(0.90)"
2026-08-29T02:29:42Z,F1_2627_20260829_strasbourg_lens,Ligue 1,2026-08-29 16:15:00,Strasbourg,Lens,1-1,0.3088,0.2449,0.4462,0.2717731541152642,0.2642238998342847,0.4640029460504511,"rest=7d/6d, travel=412km(0.98)"
2026-08-29T02:29:42Z,D1_2627_20260829_dortmund_hamburg,Bundesliga,2026-08-29 17:30:00,Dortmund,Hamburg,2-0,0.7279,0.1629,0.1092,0.7296439901304195,0.1649629890729644,0.1053930207966161,"rest=104d/104d, travel=286km(0.98)"
2026-08-29T02:29:42Z,E0_2627_20260829_tottenham_newcastle,Premier League,2026-08-29 17:30:00,Tottenham,Newcastle,1-1,0.47,0.2688,0.2612,0.420899854862119,0.2525399129172714,0.3265602322206096,"ref=P Bankes(1.18/0.82), rest=6d/5d, travel=389km(0.98), home availability 80% (9 flagged, 0.94), away availability 82% (5 flagged, 0.95)"
2026-08-29T02:29:42Z,I1_2627_20260829_fiorentina_frosinone,Serie A,2026-08-29 17:30:00,Fiorentina,Frosinone,1-1,0.4461,0.268,0.2859,0.5869600785340313,0.2319208115183246,0.1811191099476439,"rest=4d/5d, travel=292km(0.98)"
2026-08-29T02:29:42Z,I1_2627_20260829_monza_udinese,Serie A,2026-08-29 17:30:00,Monza,Udinese,0-1,0.2671,0.2925,0.4404,0.3067092651757188,0.2971246006389776,0.3961661341853035,"rest=6d/6d, travel=309km(0.98)"
2026-08-29T02:29:42Z,I1_2627_20260829_sassuolo_torino,Serie A,2026-08-29 17:30:00,Sassuolo,Torino,1-1,0.3808,0.2773,0.342,0.4212076583210604,0.2916053019145803,0.2871870397643594,"rest=5d/5d, travel=254km(0.98)"
2026-08-29T02:29:42Z,SP1_2627_20260829_sociedad_espanol,La Liga,2026-08-29 18:00:00,Sociedad,Espanol,1-0,0.5064,0.2605,0.2331,0.4979941900677825,0.2642135841748513,0.2377922257573661,"rest=2d/6d, travel=397km(0.98)"
2026-08-29T02:29:42Z,F1_2627_20260829_auxerre_angers,Ligue 1,2026-08-29 19:45:00,Auxerre,Angers,1-0,0.4977,0.2814,0.221,0.4919437778539596,0.274082961947206,0.2339732601988344,"rest=6d/5d, travel=307km(0.98)"
2026-08-29T02:29:42Z,F1_2627_20260829_brest_toulouse,Ligue 1,2026-08-29 19:45:00,Brest,Toulouse,1-1,0.3328,0.2833,0.3838,0.3605514316012725,0.2788971367974549,0.3605514316012725,"rest=6d/6d, travel=711km(0.96)"
2026-08-29T02:29:42Z,F1_2627_20260829_lyon_le-havre,Ligue 1,2026-08-29 19:45:00,Lyon,Le Havre,1-0,0.5967,0.2261,0.1772,0.6554307116104868,0.2097378277153558,0.1348314606741573,"rest=6d/5d, travel=550km(0.97)"
2026-08-29T02:29:42Z,I1_2627_20260829_juventus_parma,Serie A,2026-08-29 19:45:00,Juventus,Parma,1-0,0.709,0.196,0.095,0.7700592353257942,0.1445341949380721,0.0854065697361335,"rest=5d/6d, travel=214km(0.99)"
2026-08-29T02:29:42Z,SP1_2627_20260829_sevilla_ath-madrid,La Liga,2026-08-29 20:30:00,Sevilla,Ath Madrid,1-1,0.2918,0.2822,0.426,0.2627986348122866,0.2866894197952218,0.4505119453924914,"rest=6d/5d, travel=397km(0.98)"
2026-08-29T02:29:42Z,SC0_2627_20260830_aberdeen_rangers,Scottish Premiership,2026-08-30 12:00:00,Aberdeen,Rangers,1-1,0.2361,0.2281,0.5358,0.2174054377364869,0.2477277751049969,0.5348667871585162,"ref=M MacDermid(1.11/0.92), rest=21d/20d, travel=199km(0.99)"
2026-08-29T02:29:42Z,E0_2627_20260830_chelsea_brighton,Premier League,2026-08-30 14:00:00,Chelsea,Brighton,1-1,0.4163,0.2774,0.3063,0.5221932114882506,0.2389033942558746,0.2389033942558746,"ref=M Oliver(0.86/0.96), rest=5d/6d, travel=69km(1.00), home availability 88% (7 flagged, 0.96), away availability 74% (9 flagged, 0.92)"
2026-08-29T02:29:42Z,E0_2627_20260830_leeds_brentford,Premier League,2026-08-30 14:00:00,Leeds,Brentford,1-1,0.2981,0.2778,0.4241,0.3635250917992655,0.2864137086903305,0.3500611995104039,"ref=T Harrington(0.70/1.03), rest=7d/7d, travel=269km(0.98), home availability 81% (7 flagged, 0.94), away availability 93% (2 flagged, 0.98)"
2026-08-29T02:29:42Z,E0_2627_20260830_sunderland_fulham,Premier League,2026-08-30 14:00:00,Sunderland,Fulham,1-1,0.3893,0.2625,0.3482,0.3961661341853035,0.2971246006389776,0.3067092651757188,"ref=M Salisbury(1.30/1.25), rest=7d/5d, travel=390km(0.98), home availability 80% (6 flagged, 0.94), away availability 95% (2 flagged, 0.98)"
2026-08-29T02:29:42Z,F1_2627_20260830_paris-fc_nice,Ligue 1,2026-08-30 14:00:00,Paris FC,Nice,1-1,0.4416,0.2508,0.3077,0.4628160177154456,0.2875069200959586,0.2496770621885956,"rest=7d/7d, travel=679km(0.96)"
2026-08-29T02:29:42Z,D1_2627_20260830_freiburg_werder-bremen,Bundesliga,2026-08-30 14:30:00,Freiburg,Werder Bremen,1-1,0.5012,0.2532,0.2456,0.4979941900677825,0.2642135841748513,0.2377922257573661,"rest=105d/105d, travel=568km(0.97)"
2026-08-29T02:29:42Z,SC0_2627_20260830_dundee_hibernian,Scottish Premiership,2026-08-30 15:00:00,Dundee,Hibernian,1-1,0.395,0.2321,0.3729,0.2944881889763779,0.2771653543307086,0.4283464566929133,"ref=J Beaton(1.33/1.20), rest=7d/20d, travel=59km(1.00)"
2026-08-29T02:29:42Z,SC0_2627_20260830_st-mirren_motherwell,Scottish Premiership,2026-08-30 15:00:00,St Mirren,Motherwell,1-0,0.5635,0.2493,0.1872,0.3773824650571791,0.2801778907242693,0.3424396442185514,"ref=K Clancy(1.23/0.71), rest=21d/20d, travel=28km(1.00)"
2026-08-29T02:29:42Z,P1_2627_20260830_nacional_estrela,Primeira Liga,2026-08-30 15:30:00,Nacional,Estrela,1-1,0.4788,0.2544,0.2668,0.4100200400801603,0.2857715430861723,0.3042084168336673,"rest=6d/14d, travel=969km(0.94)"
2026-08-29T02:29:42Z,E0_2627_20260830_man-united_ipswich,Premier League,2026-08-30 16:30:00,Man United,Ipswich,2-0,0.6917,0.19,0.1183,0.6725595695618755,0.1910069177555726,0.1364335126825518,"ref=C Pawson(0.96/1.07), rest=7d/7d, travel=279km(0.98), home availability 81% (8 flagged, 0.94), away availability 75% (9 flagged, 0.93)"
2026-08-29T02:29:42Z,I1_2627_20260830_napoli_como,Serie A,2026-08-30 17:30:00,Napoli,Como,1-1,0.3605,0.3022,0.3373,0.3788187372708758,0.3156822810590631,0.3054989816700611,"rest=7d/7d, travel=691km(0.96)"
2026-08-29T02:29:42Z,P1_2627_20260830_casa-pia_moreirense,Primeira Liga,2026-08-30 18:00:00,Casa Pia,Moreirense,1-1,0.3502,0.3031,0.3467,0.3974358974358974,0.3012820512820512,0.3012820512820512,"rest=5d/13d, travel=303km(0.98)"
2026-08-29T02:29:42Z,F1_2627_20260830_monaco_marseille,Ligue 1,2026-08-30 19:45:00,Monaco,Marseille,1-1,0.4104,0.237,0.3526,0.3966088481777431,0.2572597934125901,0.3461313584096668,"rest=6d/8d, travel=171km(0.99)"
2026-08-29T02:29:42Z,I1_2627_20260830_cagliari_inter,Serie A,2026-08-30 19:45:00,Cagliari,Inter,0-1,0.1469,0.2097,0.6434,0.1348314606741573,0.2097378277153558,0.6554307116104868,"rest=7d/7d, travel=694km(0.96)"
2026-08-29T02:29:42Z,I1_2627_20260830_lazio_genoa,Serie A,2026-08-30 19:45:00,Lazio,Genoa,1-0,0.4259,0.3027,0.2714,0.4745960470954283,0.3061909981260828,0.2192129547784888,"rest=5d/7d, travel=396km(0.98)"
2026-08-29T02:29:42Z,P1_2627_20260830_famalicao_gil-vicente,Primeira Liga,2026-08-30 20:30:00,Famalicao,Gil Vicente,1-1,0.4217,0.2844,0.294,0.4323289327824247,0.2860022170714502,0.2816688501461252,"rest=6d/5d, travel=16km(1.00)"
2026-08-29T02:29:42Z,SP1_2627_20260830_celta_ath-bilbao,La Liga,2026-08-30 20:30:00,Celta,Ath Bilbao,1-0,0.4017,0.3107,0.2876,0.3981697037810067,0.2961387171871237,0.3056915790318696,"rest=2d/2d, travel=487km(0.88)"
2026-08-29T02:29:42Z,I1_2627_20260831_lecce_roma,Serie A,2026-08-31 17:30:00,Lecce,Roma,0-1,0.1751,0.2465,0.5784,0.1189710610932476,0.2379421221864952,0.6430868167202572,"rest=7d/6d, travel=509km(0.97)"
2026-08-29T02:29:42Z,SP1_2627_20260831_osasuna_getafe,La Liga,2026-08-31 18:30:00,Osasuna,Getafe,1-0,0.4687,0.3162,0.2152,0.4310344827586207,0.3160919540229885,0.2528735632183908,"rest=3d/7d, travel=325km(0.98)"
2026-08-29T02:29:42Z,I1_2627_20260831_atalanta_bologna,Serie A,2026-08-31 19:45:00,Atalanta,Bologna,1-1,0.4941,0.2569,0.249,0.5112910097997443,0.2522368981678738,0.2364720920323817,"rest=7d/6d, travel=186km(0.99)"
2026-08-29T02:29:42Z,E0_2627_20260831_aston-villa_arsenal,Premier League,2026-08-31 20:00:00,Aston Villa,Arsenal,0-1,0.1719,0.235,0.5931,0.1566174818365665,0.2291963148827803,0.6141862032806532,"ref=J Gillett(0.93/1.14), rest=7d/9d, travel=161km(0.99), home availability 78% (8 flagged, 0.93), away availability 89% (4 flagged, 0.97)"
2026-08-29T02:29:42Z,P1_2627_20260831_benfica_estoril,Primeira Liga,2026-08-31 20:15:00,Benfica,Estoril,2-0,0.721,0.1644,0.1146,0.8005336891260841,0.1227484989993328,0.076717811874583,"rest=13d/8d, travel=19km(1.00)"
2026-08-29T02:29:42Z,P1_2627_20260831_sp-braga_guimaraes,Primeira Liga,2026-08-31 20:15:00,Sp Braga,Guimaraes,1-0,0.533,0.2483,0.2187,0.5547337278106509,0.2588757396449704,0.1863905325443787,"rest=21d/7d, travel=18km(1.00)"
2026-08-29T02:29:42Z,SP1_2627_20260831_barcelona_vallecano,La Liga,2026-08-31 20:30:00,Barcelona,Vallecano,2-1,0.6791,0.1817,0.1392,0.8088978766430739,0.1183013144590495,0.0728008088978766,"rest=3d/10d, travel=498km(0.97)"
2026-09-01T11:28:08Z,E1_2627_20260901_portsmouth_derby,EFL Championship,2026-09-01 19:45:00,Portsmouth,Derby,1-1,0.4611,0.272,0.2669,0.497003362081567,0.2718900745505043,0.2311065633679286,
2026-09-01T11:28:08Z,E1_2627_20260901_preston_bristol-city,EFL Championship,2026-09-01 19:45:00,Preston,Bristol City,1-1,0.3553,0.2837,0.361,0.3284148819238583,0.2723911667721413,0.3991939513040003,
2026-09-01T11:28:08Z,E1_2627_20260901_swansea_watford,EFL Championship,2026-09-01 19:45:00,Swansea,Watford,1-1,0.4126,0.268,0.3194,0.5241264559068219,0.2562396006655574,0.2196339434276206,
2026-09-01T11:28:08Z,E1_2627_20260901_birmingham_southampton,EFL Championship,2026-09-01 20:00:00,Birmingham,Southampton,1-1,0.3576,0.266,0.3763,0.3662549663154258,0.2774658835722923,0.3562791501122819,
2026-09-01T11:28:08Z,E1_2627_20260901_stoke_norwich,EFL Championship,2026-09-01 20:00:00,Stoke,Norwich,1-1,0.328,0.2736,0.3984,0.2750285062713797,0.2597491448118585,0.4652223489167617,
2026-09-01T11:28:08Z,E1_2627_20260902_millwall_wrexham,EFL Championship,2026-09-02 19:45:00,Millwall,Wrexham,1-0,0.505,0.2599,0.235,0.4248366013071895,0.2875816993464052,0.2875816993464052,
2026-09-01T11:28:08Z,E1_2627_20260902_qpr_cardiff,EFL Championship,2026-09-02 19:45:00,QPR,Cardiff,1-1,0.482,0.2355,0.2825,0.4968532626697581,0.2567075190460417,0.2464392182842,
2026-09-01T11:28:08Z,E1_2627_20260902_west-brom_charlton,EFL Championship,2026-09-02 19:45:00,West Brom,Charlton,1-0,0.5328,0.2619,0.2053,0.5409582689335395,0.2642967542503864,0.1947449768160742,
2026-09-01T11:28:08Z,SC0_2627_20260902_celtic_aberdeen,Scottish Premiership,2026-09-02 19:45:00,Celtic,Aberdeen,2-0,0.7522,0.1574,0.0904,0.7744381261846738,0.1417817492553479,0.0837801245599783,
2026-09-01T11:28:08Z,SC0_2627_20260902_dundee_st-johnstone,Scottish Premiership,2026-09-02 19:45:00,Dundee,St Johnstone,1-1,0.4347,0.2652,0.3001,0.3664921465968586,0.2670157068062826,0.3664921465968586,
2026-09-01T11:28:08Z,SC0_2627_20260902_kilmarnock_st-mirren,Scottish Premiership,2026-09-02 19:45:00,Kilmarnock,St Mirren,1-1,0.3486,0.2598,0.3915,0.3384487764413106,0.2737453338863542,0.3878058896723351,
2026-09-01T11:28:08Z,SC0_2627_20260902_motherwell_dundee-united,Scottish Premiership,2026-09-02 19:45:00,Motherwell,Dundee United,1-1,0.529,0.2342,0.2368,0.4902227790184649,0.2496868021134048,0.26009041886813,
2026-09-01T11:28:08Z,E1_2627_20260902_burnley_middlesbrough,EFL Championship,2026-09-02 20:00:00,Burnley,Middlesbrough,1-1,0.3909,0.2775,0.3316,0.3284148819238583,0.2723911667721413,0.3991939513040003,
2026-09-01T11:28:08Z,SC0_2627_20260902_falkirk_rangers,Scottish Premiership,2026-09-02 20:00:00,Falkirk,Rangers,0-1,0.1779,0.2196,0.6025,0.1865719462612692,0.215441046491073,0.5979870072476577,
2026-09-01T11:28:08Z,F1_2627_20260903_toulouse_lille,Ligue 1,2026-09-03 19:45:00,Toulouse,Lille,1-1,0.3261,0.3011,0.3728,0.2847682119205298,0.2847682119205298,0.4304635761589404,
2026-09-01T11:28:08Z,SC0_2627_20260903_hibernian_hearts,Scottish Premiership,2026-09-03 19:45:00,Hibernian,Hearts,1-1,0.2809,0.2804,0.4387,0.381020848310568,0.2667145938173976,0.3522645578720346,
2026-09-01T11:28:08Z,SP1_2627_20260903_sociedad_celta,La Liga,2026-09-03 20:00:00,Sociedad,Celta,1-1,0.4605,0.2611,0.2784,0.4866595517609392,0.263607257203842,0.2497331910352187,
2026-09-04T13:05:55Z,F1_2627_20260904_lyon_auxerre,Ligue 1,2026-09-04 18:00:00,Lyon,Auxerre,1-0,0.5362,0.2491,0.2147,0.6645008860011814,0.2096869462492616,0.125812167749557,
2026-09-04T13:05:55Z,D1_2627_20260904_stuttgart_fc-koln,Bundesliga,2026-09-04 19:30:00,Stuttgart,FC Koln,2-1,0.593,0.2049,0.2022,0.6389405204460966,0.1891263940520446,0.1719330855018587,
2026-09-04T13:05:55Z,I1_2627_20260904_genoa_como,Serie A,2026-09-04 19:45:00,Genoa,Como,0-1,0.2201,0.2723,0.5076,0.1803713527851458,0.2785145888594164,0.5411140583554376,
2026-09-04T13:05:55Z,E0_2627_20260904_ipswich_liverpool,Premier League,2026-09-04 20:00:00,Ipswich,Liverpool,0-1,0.1505,0.2163,0.6332,0.1784037558685446,0.1971830985915493,0.6244131455399061,"home availability 69% (11 flagged, 0.91), away availability 72% (11 flagged, 0.92)"
2026-09-04T13:05:55Z,SP1_2627_20260904_betis_real-madrid,La Liga,2026-09-04 20:00:00,Betis,Real Madrid,1-1,0.3382,0.2613,0.4005,0.1350293542074364,0.1800391389432485,0.6849315068493151,
2026-09-04T13:05:55Z,F1_2627_20260904_paris-sg_monaco,Ligue 1,2026-09-04 20:05:00,Paris SG,Monaco,2-1,0.625,0.2029,0.1722,0.7099057574385776,0.1642042882423144,0.1258899543191077,
2026-09-04T13:05:55Z,P1_2627_20260904_porto_moreirense,Primeira Liga,2026-09-04 20:15:00,Porto,Moreirense,1-0,0.6868,0.2052,0.108,0.8254716981132075,0.1308962264150943,0.0436320754716981,
2026-09-04T13:05:55Z,E0_2627_20260905_newcastle_bournemouth,Premier League,2026-09-05 12:30:00,Newcastle,Bournemouth,1-1,0.3984,0.2586,0.3431,0.4505119453924914,0.2627986348122867,0.2866894197952219,"home availability 76% (7 flagged, 0.93), away availability 79% (6 flagged, 0.94)"
2026-09-04T13:05:55Z,E1_2627_20260905_preston_blackburn,EFL Championship,2026-09-05 12:30:00,Preston,Blackburn,1-1,0.3685,0.3047,0.3268,0.4041450777202072,0.2860103626943005,0.3098445595854922,
2026-09-04T13:05:55Z,E1_2627_20260905_stoke_charlton,EFL Championship,2026-09-05 12:30:00,Stoke,Charlton,1-1,0.4195,0.2855,0.295,0.451165096678235,0.2845810609816559,0.264253842340109,
2026-09-04T13:05:55Z,I1_2627_20260905_fiorentina_torino,Serie A,2026-09-05 14:00:00,Fiorentina,Torino,1-1,0.4287,0.2742,0.2971,0.5005055611729018,0.288169868554095,0.211324570273003,
2026-09-04T13:05:55Z,D1_2627_20260905_hoffenheim_dortmund,Bundesliga,2026-09-05 14:30:00,Hoffenheim,Dortmund,1-1,0.3123,0.2451,0.4427,0.3281321707205139,0.2423129876089949,0.429554841670491,
2026-09-04T13:05:55Z,D1_2627_20260905_leverkusen_union-berlin,Bundesliga,2026-09-05 14:30:00,Leverkusen,Union Berlin,1-1,0.6184,0.2085,0.1732,0.6520784141452969,0.1976827192356268,0.1502388666190764,
2026-09-04T13:05:55Z,D1_2627_20260905_werder-bremen_rb-leipzig,Bundesliga,2026-09-05 14:30:00,Werder Bremen,RB Leipzig,1-1,0.2739,0.2371,0.489,0.2180839497146314,0.2360758755660885,0.54584017471928,
2026-09-04T13:05:55Z,E0_2627_20260905_brentford_sunderland,Premier League,2026-09-05 15:00:00,Brentford,Sunderland,1-0,0.5448,0.2487,0.2065,0.5848192376901684,0.2429249141174546,0.1722558481923768,"home availability 92% (3 flagged, 0.97), away availability 82% (6 flagged, 0.94)"
2026-09-04T13:05:55Z,E0_2627_20260905_brighton_leeds,Premier League,2026-09-05 15:00:00,Brighton,Leeds,1-1,0.4103,0.2794,0.3103,0.4861111111111111,0.2708333333333333,0.2430555555555555,"home availability 65% (14 flagged, 0.90), away availability 76% (8 flagged, 0.93)"
2026-09-04T13:05:55Z,E0_2627_20260905_fulham_crystal-palace,Premier League,2026-09-05 15:00:00,Fulham,Crystal Palace,1-1,0.3858,0.2726,0.3416,0.4140127388535031,0.2929936305732484,0.2929936305732484,"home availability 93% (3 flagged, 0.98), away availability 77% (8 flagged, 0.93)"
2026-09-04T13:05:55Z,E0_2627_20260905_nott-m-forest_tottenham,Premier League,2026-09-05 15:00:00,Nott'm Forest,Tottenham,1-1,0.3944,0.29,0.3156,0.3947157726180945,0.2786228983186549,0.3266613290632506,"home availability 82% (6 flagged, 0.94), away availability 69% (14 flagged, 0.91)"
2026-09-04T13:05:55Z,E1_2627_20260905_burnley_bristol-city,EFL Championship,2026-09-05 15:00:00,Burnley,Bristol City,1-0,0.4833,0.2741,0.2426,0.5114362835630061,0.2571387981247336,0.2314249183122602,
2026-09-04T13:05:55Z,E1_2627_20260905_portsmouth_cardiff,EFL Championship,2026-09-05 15:00:00,Portsmouth,Cardiff,1-1,0.4136,0.2538,0.3326,0.4005787515502274,0.2733360892930963,0.3260851591566763,
2026-09-04T13:05:55Z,E1_2627_20260905_qpr_middlesbrough,EFL Championship,2026-09-05 15:00:00,QPR,Middlesbrough,1-1,0.3436,0.2624,0.394,0.2915835660151575,0.2744315915436777,0.4339848424411647,
2026-09-04T13:05:55Z,E1_2627_20260905_sheffield-united_norwich,EFL Championship,2026-09-05 15:00:00,Sheffield United,Norwich,1-1,0.3742,0.2622,0.3635,0.3616708245378366,0.2794729098701465,0.3588562655920169,
2026-09-04T13:05:55Z,E1_2627_20260905_west-brom_watford,EFL Championship,2026-09-05 15:00:00,West Brom,Watford,1-1,0.4675,0.2709,0.2616,0.5114362835630061,0.2571387981247336,0.2314249183122602,
2026-09-04T13:05:55Z,SC0_2627_20260905_aberdeen_kilmarnock,Scottish Premiership,2026-09-05 15:00:00,Aberdeen,Kilmarnock,1-1,0.3978,0.2598,0.3424,0.54904831625183,0.2459736456808198,0.2049780380673498,
2026-09-04T13:05:55Z,SC0_2627_20260905_dundee-united_falkirk,Scottish Premiership,2026-09-05 15:00:00,Dundee United,Falkirk,1-1,0.4859,0.254,0.2601,0.4984696108439003,0.2575426322693485,0.2439877568867511,
2026-09-04T13:05:55Z,SC0_2627_20260905_rangers_motherwell,Scottish Premiership,2026-09-05 15:00:00,Rangers,Motherwell,2-1,0.6119,0.2066,0.1815,0.6548515403378611,0.213242649394084,0.1319058102680548,
2026-09-04T13:05:55Z,SP1_2627_20260905_ath-bilbao_ath-madrid,La Liga,2026-09-05 15:15:00,Ath Bilbao,Ath Madrid,1-1,0.4276,0.2703,0.302,0.3042084168336673,0.2857715430861723,0.4100200400801603,
2026-09-04T13:05:55Z,P1_2627_20260905_estrela_famalicao,Primeira Liga,2026-09-05 15:30:00,Estrela,Famalicao,1-1,0.3099,0.2797,0.4104,0.311129499379396,0.2916839056681837,0.3971865949524204,
2026-09-04T13:05:55Z,F1_2627_20260905_lens_lorient,Ligue 1,2026-09-05 16:15:00,Lens,Lorient,1-0,0.6107,0.213,0.1763,0.6485017704889973,0.2171657199097104,0.1343325096012922,
2026-09-04T13:05:55Z,I1_2627_20260905_inter_napoli,Serie A,2026-09-05 17:00:00,Inter,Napoli,1-0,0.4999,0.268,0.2321,0.5657627796668286,0.2624510672343343,0.171786153098837,
2026-09-04T13:05:55Z,P1_2627_20260905_alverca_sp-braga,Primeira Liga,2026-09-05 18:00:00,Alverca,Sp Braga,0-1,0.2522,0.266,0.4817,0.1947449768160742,0.2642967542503864,0.5409582689335395,
2026-09-04T13:05:55Z,F1_2627_20260905_le-havre_brest,Ligue 1,2026-09-05 19:45:00,Le Havre,Brest,1-1,0.3712,0.2693,0.3595,0.3592851147460438,0.2907445697791062,0.34997031547485,
2026-09-04T13:05:55Z,I1_2627_20260905_roma_atalanta,Serie A,2026-09-05 19:45:00,Roma,Atalanta,1-1,0.415,0.2609,0.3241,0.5474785570898474,0.2630938621570655,0.1894275807530872,
2026-09-04T13:05:55Z,E1_2627_20260905_swansea_wrexham,EFL Championship,2026-09-05 20:00:00,Swansea,Wrexham,1-1,0.4577,0.2655,0.2769,0.4323289327824247,0.2860022170714502,0.2816688501461252,
2026-09-04T13:05:55Z,SC0_2627_20260905_st-mirren_celtic,Scottish Premiership,2026-09-05 20:00:00,St Mirren,Celtic,1-1,0.2433,0.2523,0.5044,0.1480656077918096,0.2137205655193557,0.6382138266888346,
2026-09-04T13:05:55Z,P1_2627_20260905_sp-lisbon_nacional,Primeira Liga,2026-09-05 20:30:00,Sp Lisbon,Nacional,2-0,0.7576,0.1507,0.0917,0.7874015748031498,0.1417322834645669,0.0708661417322834,
2026-09-04T13:05:55Z,E0_2627_20260906_everton_man-united,Premier League,2026-09-06 14:00:00,Everton,Man United,1-1,0.3059,0.2796,0.4145,0.2845528455284553,0.2682926829268292,0.4471544715447154,"home availability 85% (4 flagged, 0.96), away availability 78% (9 flagged, 0.94)"
2026-09-04T13:05:55Z,I1_2627_20260906_frosinone_venezia,Serie A,2026-09-06 14:00:00,Frosinone,Venezia,1-1,0.4542,0.2642,0.2816,0.3500611995104039,0.2864137086903305,0.3635250917992655,
2026-09-04T13:05:55Z,I1_2627_20260906_parma_monza,Serie A,2026-09-06 14:00:00,Parma,Monza,1-0,0.4049,0.3068,0.2883,0.3655957706384709,0.3066287108580724,0.3277755185034567,
2026-09-04T13:05:55Z,D1_2627_20260906_hamburg_mainz,Bundesliga,2026-09-06 14:30:00,Hamburg,Mainz,1-1,0.2657,0.2333,0.501,0.330812854442344,0.2722117202268431,0.3969754253308128,
2026-09-04T13:05:55Z,SC0_2627_20260906_hearts_dundee,Scottish Premiership,2026-09-06 15:00:00,Hearts,Dundee,2-0,0.6991,0.1897,0.1112,0.6290504713275726,0.2240033385703063,0.1469461901021209,
2026-09-04T13:05:55Z,SC0_2627_20260906_st-johnstone_hibernian,Scottish Premiership,2026-09-06 15:00:00,St Johnstone,Hibernian,1-1,0.3429,0.2823,0.3749,0.3368588048651507,0.2850343733474352,0.378106821787414,
2026-09-04T13:05:55Z,SP1_2627_20260906_valencia_barcelona,La Liga,2026-09-06 15:15:00,Valencia,Barcelona,1-1,0.2568,0.2367,0.5065,0.0953191762778295,0.1657724804831818,0.7389083432389886,
2026-09-04T13:05:55Z,P1_2627_20260906_santa-clara_rio-ave,Primeira Liga,2026-09-06 15:30:00,Santa Clara,Rio Ave,1-0,0.5165,0.2728,0.2107,0.5296123827638224,0.2741522922542139,0.1962353249819636,
2026-09-04T13:05:55Z,F1_2627_20260906_angers_rennes,Ligue 1,2026-09-06 16:15:00,Angers,Rennes,1-1,0.2674,0.2551,0.4775,0.2364720920323818,0.2522368981678739,0.5112910097997444,
2026-09-04T13:05:55Z,D1_2627_20260906_ein-frankfurt_augsburg,Bundesliga,2026-09-06 16:30:00,Ein Frankfurt,Augsburg,1-1,0.4897,0.2433,0.267,0.4949762030671601,0.242411422527763,0.2626123744050766,
2026-09-04T13:05:55Z,E0_2627_20260906_arsenal_chelsea,Premier League,2026-09-06 16:30:00,Arsenal,Chelsea,1-0,0.5948,0.2328,0.1724,0.5670771224886585,0.2525383452149492,0.1803845322963923,"home availability 77% (7 flagged, 0.93), away availability 79% (10 flagged, 0.94)"
2026-09-04T13:05:55Z,I1_2627_20260906_bologna_sassuolo,Serie A,2026-09-06 17:00:00,Bologna,Sassuolo,1-0,0.4674,0.275,0.2576,0.475951184493898,0.2799712849964106,0.2440775305096913,
2026-09-04T13:05:55Z,SP1_2627_20260906_alaves_osasuna,La Liga,2026-09-06 17:30:00,Alaves,Osasuna,1-0,0.447,0.283,0.27,0.4221789883268483,0.3064202334630351,0.2714007782101167,
2026-09-04T13:05:55Z,P1_2627_20260906_guimaraes_casa-pia,Primeira Liga,2026-09-06 18:00:00,Guimaraes,Casa Pia,1-0,0.552,0.2585,0.1895,0.6215712919623534,0.238814233227641,0.1396144748100055,
2026-09-04T13:05:55Z,F1_2627_20260906_marseille_paris-fc,Ligue 1,2026-09-06 19:45:00,Marseille,Paris FC,2-1,0.5868,0.2119,0.2013,0.5362840799830516,0.2469729315711422,0.2167429884458061,
2026-09-04T13:05:55Z,I1_2627_20260906_juventus_milan,Serie A,2026-09-06 19:45:00,Juventus,Milan,1-0,0.5106,0.2579,0.2314,0.4517280240420736,0.291885800150263,0.2563861758076634,
2026-09-04T13:05:55Z,SP1_2627_20260906_espanol_sevilla,La Liga,2026-09-06 20:00:00,Espanol,Sevilla,1-0,0.4516,0.2902,0.2582,0.413495488426834,0.3067869752844252,0.2797175362887406,
2026-09-04T13:05:55Z,I1_2627_20260907_cagliari_lecce,Serie A,2026-09-07 17:30:00,Cagliari,Lecce,1-0,0.4551,0.2807,0.2642,0.4745960470954283,0.3061909981260828,0.2192129547784888,
2026-09-04T13:05:55Z,SP1_2627_20260907_getafe_celta,La Liga,2026-09-07 18:00:00,Getafe,Celta,1-0,0.3504,0.3219,0.3277,0.3947157726180944,0.3266613290632505,0.2786228983186549,
2026-09-04T13:05:55Z,I1_2627_20260907_udinese_lazio,Serie A,2026-09-07 19:45:00,Udinese,Lazio,1-1,0.3092,0.2973,0.3936,0.3254425689584191,0.3044462741869082,0.3701111568546728,
2026-09-04T13:05:55Z,P1_2627_20260907_estoril_arouca,Primeira Liga,2026-09-07 20:15:00,Estoril,Arouca,1-1,0.4251,0.2621,0.3129,0.4146341463414634,0.274390243902439,0.3109756097560975,
2026-09-04T13:05:55Z,SP1_2627_20260907_elche_sociedad,La Liga,2026-09-07 20:30:00,Elche,Sociedad,1-1,0.3726,0.2625,0.3649,0.3070906781006828,0.2929172621883437,0.3999920597109734,
2026-09-10T12:30:59Z,P1_2627_20260910_estrela_sp-braga,Primeira Liga,2026-09-10 20:15:00,Estrela,Sp Braga,1-1,0.2533,0.2649,0.4818,0.1961852861035422,0.2588555858310627,0.5449591280653951,
